trace_id,true_label,if_score,lstm_score,xgb_score,overall_score,action
52dc730d-26ed-4079-b2ed-42a11f928dd2,0,0.9509240064221283,5.9604644775390625e-06,0.022164691239595413,0.2941448665618199,ALLOW
f51c3de9-613d-4473-bd27-5f7e8d1019d6,0,0.9892165299452829,5.9604644775390625e-06,0.02428274415433407,0.3064798447846617,FLAG_FOR_REVIEW
bffe74ad-8cb8-426b-902a-d432b063098f,0,0.9686643617218148,7.987022399902344e-06,0.060856811702251434,0.314944429304165,FLAG_FOR_REVIEW
b77843ff-153f-4775-91c5-3d229bf72c91,0,0.9767208872460329,1.2278556823730469e-05,0.2500684857368469,0.39304734403559577,FLAG_FOR_REVIEW
9e138038-5b95-4879-b9c2-53502ab56df0,0,0.9751880381032676,7.987022399902344e-06,0.060856811702251434,0.31690153221860085,FLAG_FOR_REVIEW
4e4f96fa-abb4-41c4-a99a-3b3950bcdd35,0,1.0,7.987022399902344e-06,0.16118879616260529,0.3644779145717621,FLAG_FOR_REVIEW
d283cc2b-cbce-4ec5-a9fd-6ad86d78ce66,0,0.9873208958130211,1.2278556823730469e-05,0.08383341878652573,0.3297333198255637,FLAG_FOR_REVIEW
62e10f00-a083-47a1-8234-346459475cf6,0,0.9817641607790079,7.987022399902344e-06,0.10260575264692307,0.33557394539919155,FLAG_FOR_REVIEW
e92fa4e8-a3c5-44b3-b5f6-a1dee34b9ccc,0,0.9665668375612337,7.987022399902344e-06,0.06692882627248764,0.31674397788408515,FLAG_FOR_REVIEW
ba557831-3465-4ba3-9e14-b09db4759c84,0,0.9702996614170851,7.987022399902344e-06,0.07907091826200485,0.32272066183664744,FLAG_FOR_REVIEW
1741057c-96fd-4788-9f66-bfcfd6891e55,0,1.0,7.987022399902344e-06,0.07907091826200485,0.3316307634115219,FLAG_FOR_REVIEW
ef4727c6-eede-4871-8c5d-b2a3dad4fefd,0,0.9905343672292213,7.987022399902344e-06,0.10260575264692307,0.33820500733425557,FLAG_FOR_REVIEW
e1fe3c82-8301-46d8-9300-5767362f4ce0,0,0.9723991197839854,1.2278556823730469e-05,0.042442645877599716,0.30870047785328264,FLAG_FOR_REVIEW
3b36645e-b348-474c-af81-2229a7d32039,0,1.0,5.9604644775390625e-06,0.050233665853738785,0.32009525448083875,FLAG_FOR_REVIEW
bb15b971-02ab-46e4-9735-af35760face3,0,1.0,1.2278556823730469e-05,0.026164060458540916,0.31046930775046344,FLAG_FOR_REVIEW
e2941e05-de16-4d71-8407-7efe58f3180d,0,0.994880310776423,7.987022399902344e-06,0.026164060458540916,0.3089321135230632,FLAG_FOR_REVIEW
a1daa6c8-e5d1-4f40-90e5-116e35a9864a,0,1.0,5.9604644775390625e-06,0.050233665853738785,0.32009525448083875,FLAG_FOR_REVIEW
532953d1-ea71-4cfa-afe3-36dc4cbe2aec,0,0.964454579880041,5.9604644775390625e-06,0.08383341878652573,0.32287152961796584,FLAG_FOR_REVIEW
ab83fe8e-4357-48e3-b769-b277f22de659,0,0.9621489332221941,5.9604644775390625e-06,0.152048721909523,0.3494659568698107,FLAG_FOR_REVIEW
fb213f09-2c39-454f-a9af-51cf8b1a512e,0,1.0,5.9604644775390625e-06,0.026164060458540916,0.3104674123227596,FLAG_FOR_REVIEW
8f0454db-cb53-479c-bc52-1d23b79397fb,0,0.9488719378688809,5.9604644775390625e-06,0.022164691239595413,0.2935292459958457,ALLOW
67ef814d-cd7b-47e7-bbda-98ae27ded447,0,1.0,7.987022399902344e-06,0.10260575264692307,0.3410446971654892,FLAG_FOR_REVIEW
3e57a2c8-6b5b-42c5-b1ce-8bf1eed06adf,0,1.0,7.987022399902344e-06,0.06692882627248764,0.326773926615715,FLAG_FOR_REVIEW
9219bf17-60ad-4e0a-8ab5-5016e8602aa8,0,0.9403229359307708,7.987022399902344e-06,0.022164691239595413,0.29096515338178935,ALLOW
ed215c71-8b3d-4b35-999b-ef43247e1a57,0,0.9782615621229582,5.9604644775390625e-06,0.042442645877599716,0.31045731512727065,FLAG_FOR_REVIEW
db7e12a0-474a-4573-a181-29984c6fc94b,0,0.9704991537353154,5.9604644775390625e-06,0.022164691239595413,0.300017410755776,FLAG_FOR_REVIEW
820bc8c0-077e-4b4e-98b2-9e8d74ad2922,0,1.0,1.2278556823730469e-05,0.050233665853738785,0.3200971499085426,FLAG_FOR_REVIEW
8227a228-ecae-43f4-bbd5-cb82593cebff,0,1.0,5.9604644775390625e-06,0.026164060458540916,0.3104674123227596,FLAG_FOR_REVIEW
da5788f9-e6ff-4dfd-b180-29159a6c79d9,0,0.9600974298705329,7.987022399902344e-06,0.10260575264692307,0.32907392612664904,FLAG_FOR_REVIEW
9d5fc973-24db-4da7-8e59-89883933f48d,0,0.9925976363787146,7.987022399902344e-06,0.06692882627248764,0.3245532175293294,FLAG_FOR_REVIEW
cc69b0f4-3ed8-498f-881f-da89076736f5,0,0.9396308913185072,5.9604644775390625e-06,0.060856811702251434,0.306233780215796,FLAG_FOR_REVIEW
94e43ce8-9aaa-40de-8b22-c5775ae261c4,0,1.0,1.2278556823730469e-05,0.11465594917535782,0.3458660632371902,FLAG_FOR_REVIEW
c70da7ec-87b3-470b-8b01-c6fe36ee18bb,0,1.0,7.987022399902344e-06,0.042442645877599716,0.3169794544577599,FLAG_FOR_REVIEW
4a748c2c-0a19-4f9d-a830-0474f77a2a84,0,1.0,1.2278556823730469e-05,0.042442645877599716,0.316980741918087,FLAG_FOR_REVIEW
4bc867ca-f677-4273-8671-0c90430e05aa,0,0.9883417355473123,1.2278556823730469e-05,0.022164691239595413,0.30537208072707894,FLAG_FOR_REVIEW
cbb594e8-00d7-43ca-8bfd-21e45420d667,0,0.9552557577076182,7.987022399902344e-06,0.022164691239595413,0.2954449999148436,ALLOW
30a3e511-fdb5-433c-8823-9700545e70b6,0,0.9682094707322483,7.987022399902344e-06,0.022164691239595413,0.2993311138222326,ALLOW
6d8b7788-34d9-41ac-820b-771760d8930c,0,0.9613295045042316,5.9604644775390625e-06,0.02650946006178856,0.29900442351532813,ALLOW
243d6869-98c2-4853-90aa-861111069ebb,0,0.9693539719223481,5.9604644775390625e-06,0.08383341878652573,0.32434134723065794,FLAG_FOR_REVIEW
f0774ac1-64da-491f-a4e4-f5e11fa15c33,0,1.0,1.2278556823730469e-05,0.12360694259405136,0.34944646060466766,FLAG_FOR_REVIEW
9dfa1d43-d0f8-4aaa-abf9-dd8ba54b5045,0,0.9934906691834362,5.9604644775390625e-06,0.07907091826200485,0.32967735619917604,FLAG_FOR_REVIEW
707d735e-b798-4eb5-9203-b0023cefeb7c,0,0.9868675574155172,5.9604644775390625e-06,0.026164060458540916,0.3065276795474148,FLAG_FOR_REVIEW
1f4bc227-ebba-42d3-b939-702c5758f89a,0,0.9741058432931706,1.2278556823730469e-05,0.12554903328418732,0.3424550498686732,FLAG_FOR_REVIEW
1901f86d-45c5-4d7b-ad52-ce7810833c66,0,0.9898644073428362,1.2278556823730469e-05,0.050233665853738785,0.3170564721113935,FLAG_FOR_REVIEW
1490a912-a02e-43c7-ae31-396eb932bed8,0,1.0,5.9604644775390625e-06,0.023187465965747833,0.3092767745256424,FLAG_FOR_REVIEW
d135a56c-3308-41f5-bb78-a5ba48ff0477,0,1.0,1.2278556823730469e-05,0.026164060458540916,0.31046930775046344,FLAG_FOR_REVIEW
130574f8-0fc6-48b2-931f-370d7d2dfe0f,0,0.99635025112032,5.9604644775390625e-06,0.43353044986724854,0.47231904342233866,FLAG_FOR_REVIEW
a457009e-c3c9-4421-9c22-8734e81d2d09,0,0.9833748294149497,7.987022399902344e-06,0.023187465965747833,0.30428983131750403,FLAG_FOR_REVIEW
c351268f-bb80-4816-b214-d36c0d6552f0,0,0.9990770477353583,5.9604644775390625e-06,0.050233665853738785,0.31981836880144626,FLAG_FOR_REVIEW
95ecf8e6-2176-4609-9277-42da2c6dfecc,0,0.9904652136809033,5.9604644775390625e-06,0.2500684857368469,0.39716874653835305,FLAG_FOR_REVIEW
89067a35-1657-4d5a-9b45-29588d992db2,0,1.0,7.987022399902344e-06,0.11095868796110153,0.3443858712911606,FLAG_FOR_REVIEW
e0f3562e-1445-4d53-816f-64e240f386b2,0,0.987338806081727,7.987022399902344e-06,0.042442645877599716,0.31318109628227797,FLAG_FOR_REVIEW
0182c952-090b-4b0e-96ae-b75b02873e52,0,1.0,7.987022399902344e-06,0.10260575264692307,0.3410446971654892,FLAG_FOR_REVIEW
6e3f0079-6ef3-4265-9e65-8fa79b8e9794,0,0.9732911966647484,7.987022399902344e-06,0.13778477907180786,0.34710366673486764,FLAG_FOR_REVIEW
75f34656-d297-4e75-958d-b68322f423b0,0,1.0,5.9604644775390625e-06,0.042442645877599716,0.31697884649038316,FLAG_FOR_REVIEW
71b7ebc5-10a1-42ae-979a-974400da504d,0,0.9421935848307446,1.2278556823730469e-05,0.034430015832185745,0.29643376534914473,ALLOW
5860d1d9-5274-4eec-b49e-c001c2bfc19d,0,1.0,7.987022399902344e-06,0.050233665853738785,0.3200958624482155,FLAG_FOR_REVIEW
22393e61-269f-4fbf-9b20-47e8a64c93da,0,0.9905592146299026,7.987022399902344e-06,0.08228792995214462,0.3300853324765486,FLAG_FOR_REVIEW
6f5f4c57-d674-4dc3-94f7-8605f03abf69,0,0.9892924371265976,1.2278556823730469e-05,0.13778477907180786,0.35190532633374955,FLAG_FOR_REVIEW
bf2a9f33-3b80-48db-baf8-977518fa81f9,0,0.9672579232182773,1.2278556823730469e-05,0.034430015832185745,0.3039530668654046,FLAG_FOR_REVIEW
f65d1e69-ed68-4b1c-a3fd-8cbce0fd73e8,0,1.0,5.9604644775390625e-06,0.026164060458540916,0.3104674123227596,FLAG_FOR_REVIEW
6cd91d6e-bda8-4c85-9d05-ea6c2e9a0cc7,0,0.9636546996986104,1.2278556823730469e-05,0.13778477907180786,0.3442140051053534,FLAG_FOR_REVIEW
387861fc-974f-49d6-9618-9639b2889d2d,0,1.0,1.2278556823730469e-05,0.06692882627248764,0.32677521407604215,FLAG_FOR_REVIEW
d576a6e4-c5df-4815-8cdb-30e24b94560e,0,0.9780231477622962,5.9604644775390625e-06,0.060856811702251434,0.3177514571489327,FLAG_FOR_REVIEW
c2bd0d9f-760f-4e08-aff0-0a876c75b15d,0,1.0,7.987022399902344e-06,0.022164691239595413,0.3088682726025581,FLAG_FOR_REVIEW
53116858-a0ec-4e35-bb45-558ff284c71c,0,1.0,1.2278556823730469e-05,0.026164060458540916,0.31046930775046344,FLAG_FOR_REVIEW
11a08a9f-212c-4e4b-8a95-0443f5d46719,0,1.0,7.987022399902344e-06,0.026164060458540916,0.3104680202901363,FLAG_FOR_REVIEW
e11d5225-d4cb-456b-a02a-e690c2bd3593,0,1.0,5.9604644775390625e-06,0.11095868796110153,0.3443852633237839,FLAG_FOR_REVIEW
f5bd5a54-e9b2-4a59-bdd6-1040a7a4e597,0,1.0,7.987022399902344e-06,0.026164060458540916,0.3104680202901363,FLAG_FOR_REVIEW
d26993d7-c2e9-420c-a2a2-a37473adb964,0,0.9774373665481659,5.9604644775390625e-06,0.02428135648369789,0.3029455406972722,FLAG_FOR_REVIEW
d09a1970-bca4-4a2e-8c52-4485998ca124,0,0.9988828944414809,1.2278556823730469e-05,0.026164060458540916,0.3101341760829077,FLAG_FOR_REVIEW
e4e95db8-2eb4-42e3-beaa-567cd405dbab,0,0.9789503141749573,1.2278556823730469e-05,0.026164060458540916,0.30415440200295063,FLAG_FOR_REVIEW
c4fb9d49-101b-4fa1-9776-ef5a047f773c,0,1.0,7.987022399902344e-06,0.060856811702251434,0.32434512078762057,FLAG_FOR_REVIEW
2966a273-19e3-46fc-91cb-cff5659512ce,0,1.0,5.9604644775390625e-06,0.07907091826200485,0.3316301554441452,FLAG_FOR_REVIEW
058281d0-f13e-4e3b-89d0-46f7657dceb4,0,1.0,1.2278556823730469e-05,0.43011462688446045,0.4720495343208313,FLAG_FOR_REVIEW
571be212-78e5-4d83-899c-0c65e049865e,0,0.983818881929805,7.987022399902344e-06,0.06692882627248764,0.3219195911946565,FLAG_FOR_REVIEW
2ac65690-0ce9-41a0-bc0f-0174b6c67211,0,1.0,5.9604644775390625e-06,0.050233665853738785,0.32009525448083875,FLAG_FOR_REVIEW
46bc9235-496f-43d1-9b61-3642ab336e4f,0,0.9568834265460149,1.2278556823730469e-05,0.07907091826200485,0.3186970788356535,FLAG_FOR_REVIEW
46523760-bac1-474d-a38a-45391ec5c8ca,0,0.9939177258425888,5.9604644775390625e-06,0.050233665853738785,0.3182705722336154,FLAG_FOR_REVIEW
8a0cd385-ffca-4b2e-b0d9-6d27d35ca72f,0,0.9500495322643547,1.2278556823730469e-05,0.060856811702251434,0.3093612679272541,FLAG_FOR_REVIEW
9aa900b7-7ed9-42e5-85dc-8e8bf5637dbe,0,0.9893218572029283,5.9604644775390625e-06,0.07907091826200485,0.3284267126050237,FLAG_FOR_REVIEW
dd879b57-31d0-4757-aec8-7434648c8048,0,1.0,1.2278556823730469e-05,0.050233665853738785,0.3200971499085426,FLAG_FOR_REVIEW
9901012b-b246-46ec-b587-a45a9833b99f,0,1.0,1.2278556823730469e-05,0.11465594917535782,0.3458660632371902,FLAG_FOR_REVIEW
15c03e4d-71e0-4b83-8467-90b7d2f866e0,0,0.9751983423094039,1.2278556823730469e-05,0.022164691239595413,0.3014290627557064,FLAG_FOR_REVIEW
124637ee-1696-4f97-82e4-370f24d155d6,0,1.0,7.987022399902344e-06,0.022164691239595413,0.3088682726025581,FLAG_FOR_REVIEW
04e67800-4685-4e41-9022-aa0a1be1313b,0,0.9666433262450784,1.2278556823730469e-05,0.023209044709801674,0.2992802993244913,ALLOW
c2675571-de30-4543-82e7-0140d8471367,0,1.0,1.2278556823730469e-05,0.060856811702251434,0.3243464082479477,FLAG_FOR_REVIEW
75b36b9e-c309-4dec-81a5-e0e463295ff6,0,0.9794815018184748,1.2278556823730469e-05,0.026164060458540916,0.3043137582960059,FLAG_FOR_REVIEW
56d0c121-5337-41d1-832c-f51dfdfe8f54,0,1.0,7.987022399902344e-06,0.026164060458540916,0.3104680202901363,FLAG_FOR_REVIEW
c79f9874-24f0-4e48-8e8f-52f6bc20b6fe,0,1.0,5.9604644775390625e-06,0.030269891023635864,0.3121097445487976,FLAG_FOR_REVIEW
5ec65b5d-96fc-45be-9eec-4a03651e1bd5,0,0.9926269715580663,7.987022399902344e-06,0.026164060458540916,0.30825611175755624,FLAG_FOR_REVIEW
5b63825d-1662-45b1-9d6b-4d2a7c2bc0e0,0,0.9670233940443944,1.2278556823730469e-05,0.11095868796110153,0.33449417696480604,FLAG_FOR_REVIEW
10ae9eac-eb6c-483f-a850-508eba0b5f19,0,0.9876043920450472,1.2278556823730469e-05,0.026164060458540916,0.3067506253639776,FLAG_FOR_REVIEW
323af0dd-7373-4d0a-82a9-8f931f57c01e,0,0.939768894839651,7.987022399902344e-06,0.022164691239595413,0.2907989410544534,ALLOW
d7f66659-f441-4fc2-b9f1-e898589fd67c,0,0.9853813538269636,5.9604644775390625e-06,0.07907091826200485,0.32724456159223425,FLAG_FOR_REVIEW
ad47f99c-f36b-45b7-adf8-c482130beda9,0,1.0,1.2278556823730469e-05,0.042442645877599716,0.316980741918087,FLAG_FOR_REVIEW
0c29f1bf-7f6d-46e2-8955-7db0bf2ebb43,0,0.9785013310924963,5.9604644775390625e-06,0.060856811702251434,0.3178949121479927,FLAG_FOR_REVIEW
0c2ccdb3-2c91-4c9b-8178-d013c43692a9,0,1.0,5.9604644775390625e-06,0.08383341878652573,0.33353515565395353,FLAG_FOR_REVIEW
72cc369c-818d-426b-a014-cf00218820cf,0,0.9613956312174394,1.2278556823730469e-05,0.06692882627248764,0.31519390344127396,FLAG_FOR_REVIEW
bc8029cf-54b1-4ba1-9cf6-bf89ac11af32,0,0.9904689763808407,1.2278556823730469e-05,0.022164691239595413,0.30601025297713746,FLAG_FOR_REVIEW
524d9869-f261-41b8-8dcf-c2c3b5a12155,0,1.0,1.2278556823730469e-05,0.042442645877599716,0.316980741918087,FLAG_FOR_REVIEW
bfb157f4-13e2-49db-bce2-5625dfb69638,0,0.989074794420018,5.9604644775390625e-06,0.044607166200876236,0.3145670929456991,FLAG_FOR_REVIEW
2ffe3a54-f7a0-46c0-b645-9154ad0cafc1,0,0.9854269273284351,5.9604644775390625e-06,0.026164060458540916,0.3060954905212901,FLAG_FOR_REVIEW
0cfbea10-ab7d-45b0-8a35-5060b3964dee,0,1.0,1.2278556823730469e-05,0.026164060458540916,0.31046930775046344,FLAG_FOR_REVIEW
b7364e11-c8d2-4029-9f6f-0b93b86b0f53,0,0.9730157946576307,5.9604644775390625e-06,0.13778477907180786,0.3470204381653556,FLAG_FOR_REVIEW
eecf29e4-6401-4737-b6e7-aace4fa49876,0,0.9552793801036988,7.987022399902344e-06,0.022164691239595413,0.2954520866336678,ALLOW
07b25fa7-bf8c-4802-89e9-56d6267ece11,0,0.9483954905799603,5.9604644775390625e-06,0.022164691239595413,0.29338631180916946,ALLOW
e09efda4-f6cf-46ca-89a3-44630b27e59d,0,0.9546801597399199,7.987022399902344e-06,0.08383341878652573,0.31993981154330625,FLAG_FOR_REVIEW
a0e469a3-cd11-4dbd-a976-286fec38ca6b,0,0.9505025513254692,5.9604644775390625e-06,0.08383341878652573,0.3186859210515943,FLAG_FOR_REVIEW
e089c76d-07f6-44f2-a8b9-2a4f1f7b0e7a,0,1.0,5.9604644775390625e-06,0.026164060458540916,0.3104674123227596,FLAG_FOR_REVIEW
d637df5a-e7a3-411e-9c51-3d0f4fffb091,0,0.9595231795446333,5.9604644775390625e-06,0.022164691239595413,0.2967246184985714,ALLOW
565d5705-ad06-42c0-826f-bcbc7322c698,0,1.0,5.9604644775390625e-06,0.050233665853738785,0.32009525448083875,FLAG_FOR_REVIEW
436cde01-1666-45c3-aff8-32a8e5a23706,0,1.0,7.987022399902344e-06,0.026164060458540916,0.3104680202901363,FLAG_FOR_REVIEW
ac509d7f-3029-4d5e-8fa1-7ca058e97c70,0,0.9883994874625643,5.9604644775390625e-06,0.05397368222475052,0.3181111072680128,FLAG_FOR_REVIEW
de6fca35-5606-496d-a4fb-96fab4b88723,0,0.9500793339029363,1.2278556823730469e-05,0.152048721909523,0.3458469725017372,FLAG_FOR_REVIEW
1b8b6389-6da8-4b2c-90df-16bbe1fee6f4,0,1.0,7.987022399902344e-06,0.02428135648369789,0.3097149387001991,FLAG_FOR_REVIEW
452acc82-ef03-41df-97ff-b376300cb3d9,0,1.0,5.9604644775390625e-06,0.06692882627248764,0.3267733186483383,FLAG_FOR_REVIEW
190ad558-9e28-431c-99c2-0d0595352746,0,0.9611603213151788,5.9604644775390625e-06,0.02428135648369789,0.298062427127376,ALLOW
d2b15eaf-e743-4d2b-a1e5-83889d84cc49,0,0.9805492124225531,5.9604644775390625e-06,0.08383341878652573,0.32769991938071946,FLAG_FOR_REVIEW
9f082dcb-b3fb-4cf3-a1f0-75a4196e0865,0,1.0,5.9604644775390625e-06,0.12360694259405136,0.3494445651769638,FLAG_FOR_REVIEW
7633790c-e307-4b65-aa30-57f7066f1ba2,0,0.9533355981423369,5.9604644775390625e-06,0.13778477907180786,0.3411163792107675,FLAG_FOR_REVIEW
73aa0cfe-5d1d-4158-a6c4-19127dde21bf,0,0.9849277987713971,1.2278556823730469e-05,0.060856811702251434,0.3198247478793668,FLAG_FOR_REVIEW
966b71c8-d30c-4d1d-94df-652340d4652e,0,0.9527344888447503,5.9604644775390625e-06,0.060856811702251434,0.31016485947366895,FLAG_FOR_REVIEW
106a257b-419e-4210-86e6-b0b97402d2de,0,0.9644420098529234,7.987022399902344e-06,0.022164691239595413,0.2982008755584351,ALLOW
e123689e-3a68-41bf-9199-2fd822749ec8,0,0.9568662747029548,5.9604644775390625e-06,0.060856811702251434,0.3114043952311303,FLAG_FOR_REVIEW
8095e7c6-56f8-40b7-b980-a523467033e2,0,1.0,1.2278556823730469e-05,0.026164060458540916,0.31046930775046344,FLAG_FOR_REVIEW
43b13de2-260b-441f-86f9-11dd0051e302,0,0.9440822622822457,1.2278556823730469e-05,0.022164691239595413,0.29209423874755897,ALLOW
abdd1397-1f8c-445d-a0d1-919c2ef8b0e8,0,1.0,5.9604644775390625e-06,0.050233665853738785,0.32009525448083875,FLAG_FOR_REVIEW
2e6cd7d2-6eb6-4dcd-aa55-b1d1d1144118,0,1.0,5.9604644775390625e-06,0.08383341878652573,0.33353515565395353,FLAG_FOR_REVIEW
b06e907c-f452-40e9-8d26-e5770dda5fe9,0,1.0,1.2278556823730469e-05,0.06692882627248764,0.32677521407604215,FLAG_FOR_REVIEW
ab20240f-7cbd-4e15-839f-639398c8e0bf,0,0.9836788831288624,5.9604644775390625e-06,0.042442645877599716,0.31208251142904186,FLAG_FOR_REVIEW
917984b4-9937-4b30-8eef-a8a5a53d37ae,0,0.9885258436190136,1.2278556823730469e-05,0.026164060458540916,0.30702706083616754,FLAG_FOR_REVIEW
e6dfa8f9-667b-4ce4-948d-e2ed291ad267,0,1.0,5.9604644775390625e-06,0.11465594917535782,0.34586416780948637,FLAG_FOR_REVIEW
0a746dd6-ea01-49fb-994d-30f6d2bdf9d4,0,1.0,1.2278556823730469e-05,0.042442645877599716,0.316980741918087,FLAG_FOR_REVIEW
28c16a96-6207-4492-95f5-06c8902df889,0,1.0,7.987022399902344e-06,0.050233665853738785,0.3200958624482155,FLAG_FOR_REVIEW
c024c86c-4f52-4891-bc8a-08c1d5920016,0,0.9621239022537041,5.9604644775390625e-06,0.022164691239595413,0.2975048353112926,ALLOW
47ad007d-88d2-4d8f-bc5a-fd432f44a503,0,1.0,7.987022399902344e-06,0.12360694259405136,0.34944517314434054,FLAG_FOR_REVIEW
2cb3b641-3ea9-49fc-bb3e-29bbf1d08f05,0,0.9922186258480872,1.2278556823730469e-05,0.10260575264692307,0.33871157238024246,FLAG_FOR_REVIEW
7fd9b3ac-f06e-41be-b092-bcdbdbdc509f,0,0.9726901004794292,5.9604644775390625e-06,0.152048721909523,0.3526283070469812,FLAG_FOR_REVIEW
4b513a65-dd7c-4706-9bc8-c950dbf5a7e0,0,0.9628589983235274,1.2278556823730469e-05,0.06692882627248764,0.31563291357310036,FLAG_FOR_REVIEW
1d5d3267-8b33-4866-940a-cdf3501aa431,0,1.0,5.9604644775390625e-06,0.042442645877599716,0.31697884649038316,FLAG_FOR_REVIEW
fb37b077-34a8-4c09-96d6-da841bd26e94,0,0.9731563245256125,1.2278556823730469e-05,0.07907091826200485,0.3235789482295328,FLAG_FOR_REVIEW
9864509a-2f4b-4d19-8f15-f0e6b6c5cd03,0,0.9899945817749038,7.987022399902344e-06,0.08383341878652573,0.3305341381538014,FLAG_FOR_REVIEW
a0276e9a-22a0-4410-8345-4fa6ad6a3f4b,0,0.9717450734672365,7.987022399902344e-06,0.11095868796110153,0.3359093933313316,FLAG_FOR_REVIEW
faaabd8a-c3b3-4959-beb6-e710c7b27d0a,0,1.0,5.9604644775390625e-06,0.07907091826200485,0.3316301554441452,FLAG_FOR_REVIEW
1b0ca13e-7776-4790-8d0b-20035237957d,0,0.9892331002687264,7.987022399902344e-06,0.026164060458540916,0.30723795037075424,FLAG_FOR_REVIEW
9bd45180-99bd-4887-804f-2ccce2216f8d,0,0.9783551016783661,7.987022399902344e-06,0.08383341878652573,0.3270422941248401,FLAG_FOR_REVIEW
92ae008b-9e7a-4dbe-ab2c-881752e2b24c,0,0.9703457522749905,1.2278556823730469e-05,0.02650946006178856,0.30171119327425966,FLAG_FOR_REVIEW
a5bd6bbf-5b98-4064-a2ef-6f468a24bae6,0,1.0,7.987022399902344e-06,0.152048721909523,0.3608218848705292,FLAG_FOR_REVIEW
7d80ee20-68fc-420f-ad79-8965b6d922d1,0,0.9904723273256506,1.2278556823730469e-05,0.026164060458540916,0.3076110059481586,FLAG_FOR_REVIEW
83062d2b-9c58-4f80-bcc8-48a5b3910b96,0,0.976766228175475,1.2278556823730469e-05,0.10260575264692307,0.33407585307845883,FLAG_FOR_REVIEW
0c3cb49a-4fc4-49f4-84e9-4ac0d8f30a14,0,0.9909930177192166,1.2278556823730469e-05,0.11534769088029861,0.3434406652349315,FLAG_FOR_REVIEW
01bb5424-13e4-41c8-a5de-245adaced38f,0,0.9938183160557705,7.987022399902344e-06,0.050233665853738785,0.3182413572649466,FLAG_FOR_REVIEW
b4fcf33a-27f4-4307-8bc2-a0ac22fff8d0,0,1.0,1.2278556823730469e-05,0.152048721909523,0.3608231723308563,FLAG_FOR_REVIEW
386c96de-b8ac-4168-949a-f0ea7d8ed754,0,1.0,7.987022399902344e-06,0.43353044986724854,0.47341457605361936,FLAG_FOR_REVIEW
e0865544-48e9-4769-b430-80e4359d8fdc,0,1.0,1.2278556823730469e-05,0.07907091826200485,0.33163205087184905,FLAG_FOR_REVIEW
2b870b29-fa43-422c-aeab-1e0a75ba1a73,0,1.0,7.987022399902344e-06,0.11465594917535782,0.3458647757768631,FLAG_FOR_REVIEW
7a876216-3b7e-4249-9c8b-210ce8628695,0,0.9536803918931755,1.2278556823730469e-05,0.11095868796110153,0.3304912763194404,FLAG_FOR_REVIEW
ae64dda3-e846-4a43-bd1e-cf29d79ad030,0,1.0,7.987022399902344e-06,0.11465594917535782,0.3458647757768631,FLAG_FOR_REVIEW
0a249d07-473e-4c97-836e-9ac888e68112,0,1.0,7.987022399902344e-06,0.050233665853738785,0.3200958624482155,FLAG_FOR_REVIEW
6ba332ca-bbd5-4411-872b-484824472954,0,0.9989284320102974,1.2278556823730469e-05,0.026164060458540916,0.31014783735355267,FLAG_FOR_REVIEW
99c7d953-811c-4728-9aa0-1e4dee432ef3,0,1.0,1.2278556823730469e-05,0.03162311017513275,0.3126529276371002,FLAG_FOR_REVIEW
8b3ee7b3-8622-49a9-b0f2-bbc94b9d21ba,0,0.9558439988583787,1.2278556823730469e-05,0.02428135648369789,0.29646942581803987,ALLOW
2022cd4a-3d26-410b-903c-a4778976822d,0,0.9999015099983695,5.9604644775390625e-06,0.05397368222475052,0.3215617140287543,FLAG_FOR_REVIEW
262872f2-cc5f-4f5f-982f-4fc24f8e67a0,0,1.0,5.9604644775390625e-06,0.042442645877599716,0.31697884649038316,FLAG_FOR_REVIEW
0c6600a3-596c-4dad-9aec-00b83faf72b3,0,1.0,7.987022399902344e-06,0.06692882627248764,0.326773926615715,FLAG_FOR_REVIEW
ea0acd5b-1a8f-4189-b45a-ce8d5f382057,0,0.9740176194087529,1.2278556823730469e-05,0.11095868796110153,0.3365924445741136,FLAG_FOR_REVIEW
bd945d17-7970-4b41-b213-1cb1cc518c1c,0,0.9561482912632278,1.2278556823730469e-05,0.13778477907180786,0.3419620825747386,FLAG_FOR_REVIEW
7611f111-2d1a-4b2e-8706-433bc9f420ab,0,1.0,1.2278556823730469e-05,0.06692882627248764,0.32677521407604215,FLAG_FOR_REVIEW
0f84e3b5-b136-47c0-bdb9-3368e4c63059,0,0.9392994787353757,5.9604644775390625e-06,0.022164691239595413,0.2906575082557941,ALLOW
db76369c-ff7c-4967-86f3-d5ad7f92f0e7,0,1.0,5.9604644775390625e-06,0.042442645877599716,0.31697884649038316,FLAG_FOR_REVIEW
2e56e950-6e13-4cf2-b78e-640074f66334,0,0.9428690048974966,5.9604644775390625e-06,0.022164691239595413,0.29172836610443037,ALLOW
8360b571-ad6d-4237-80fc-ce759f73a449,0,0.9636880055332298,5.9604644775390625e-06,0.022164691239595413,0.29797406629515033,ALLOW
6c903837-0f47-4128-8d23-2d7c040fd589,0,1.0,7.987022399902344e-06,0.026164060458540916,0.3104680202901363,FLAG_FOR_REVIEW
29204762-a8ff-4d6e-8d69-5d21c34a99e7,0,0.9896966679887474,1.2278556823730469e-05,0.026164060458540916,0.30737830814708766,FLAG_FOR_REVIEW
7894f93b-fb89-44e1-a236-cee643e00330,0,1.0,7.987022399902344e-06,0.060856811702251434,0.32434512078762057,FLAG_FOR_REVIEW
65cd2423-5c5c-407d-add8-29bb2e1c303e,0,0.9632792975579278,5.9604644775390625e-06,0.034430015832185745,0.3027575837395959,FLAG_FOR_REVIEW
93f9ff65-592e-41bd-9d88-b001d60921c9,0,1.0,5.9604644775390625e-06,0.060856811702251434,0.32434451282024385,FLAG_FOR_REVIEW
9ecb1ac1-3852-4e02-8c8d-52f860fa8797,0,1.0,7.987022399902344e-06,0.08383341878652573,0.33353576362133025,FLAG_FOR_REVIEW
39c2236e-f371-4aa0-8fc9-5ba3a154c31b,0,1.0,1.2278556823730469e-05,0.042442645877599716,0.316980741918087,FLAG_FOR_REVIEW
cdb1b741-a03a-4c59-b6a8-738fe42971c8,0,0.9442909435814923,1.2278556823730469e-05,0.08383341878652573,0.31682433415610506,FLAG_FOR_REVIEW
dc2b1580-bbc6-4a1f-9025-b06217464041,0,0.9607215959741129,7.987022399902344e-06,0.022164691239595413,0.29708475139479196,ALLOW
5ad39342-d11e-4a48-a251-5707fa808969,0,1.0,1.2278556823730469e-05,0.07907091826200485,0.33163205087184905,FLAG_FOR_REVIEW
a7382974-010e-4054-913c-ab1d7ed1ae0e,0,1.0,7.987022399902344e-06,0.12360694259405136,0.34944517314434054,FLAG_FOR_REVIEW
5ea5faf7-34e6-4e0c-a32b-7fed05d6eaf4,0,1.0,5.9604644775390625e-06,0.06692882627248764,0.3267733186483383,FLAG_FOR_REVIEW
99c78c45-683f-460f-8e86-d798f519b0d9,0,1.0,7.987022399902344e-06,0.026164060458540916,0.3104680202901363,FLAG_FOR_REVIEW
1b42d873-998d-40f6-b666-bf2aed54f291,0,0.9763527472121849,5.9604644775390625e-06,0.026164060458540916,0.30337323648641507,FLAG_FOR_REVIEW
ba87a2cf-44ca-440a-98ed-611643cf687d,0,1.0,1.2278556823730469e-05,0.026164060458540916,0.31046930775046344,FLAG_FOR_REVIEW
92119def-e569-4ae2-b932-7bae48c0fda0,0,1.0,7.987022399902344e-06,0.042442645877599716,0.3169794544577599,FLAG_FOR_REVIEW
b616973b-72d1-4424-9f02-812664bf8180,0,1.0,5.9604644775390625e-06,0.028974054381251335,0.3115914098918438,FLAG_FOR_REVIEW
1f3345bf-d152-4977-be2a-df7ec39c49bc,0,0.9520899127697667,1.2278556823730469e-05,0.10664897412061691,0.3282902470462239,FLAG_FOR_REVIEW
7a5adb94-57b9-4d2b-bcba-75d60b59c347,0,1.0,7.987022399902344e-06,0.026164060458540916,0.3104680202901363,FLAG_FOR_REVIEW
4149ed8b-f29f-48a2-85d2-5d50fb7cea26,0,1.0,7.987022399902344e-06,0.022164691239595413,0.3088682726025581,FLAG_FOR_REVIEW
300f7ef9-6e4d-44a7-8603-169fd673e1a9,0,0.9831486370978152,7.987022399902344e-06,0.026164060458540916,0.3054126114194809,FLAG_FOR_REVIEW
994f4c6b-38a7-446b-828f-3030b80bdc06,0,0.998859393145807,5.9604644775390625e-06,0.042442645877599716,0.31663666443412525,FLAG_FOR_REVIEW
623be458-21c4-491f-a5c9-1016fb551454,0,0.9422345891771173,5.9604644775390625e-06,0.060856811702251434,0.307014889573379,FLAG_FOR_REVIEW
86d3b1c2-7e81-45d1-bd99-ea4e584d9dd9,0,0.9980547204890232,5.9604644775390625e-06,0.050233665853738785,0.3195116706275457,FLAG_FOR_REVIEW
6195ee35-9ade-4688-bfbf-c43910dcb0bb,0,0.9867650602529854,7.987022399902344e-06,0.060856811702251434,0.3203746388635162,FLAG_FOR_REVIEW
82b9ec1f-920d-4e15-ab34-c858be856515,0,1.0,7.987022399902344e-06,0.042442645877599716,0.3169794544577599,FLAG_FOR_REVIEW
84d4c100-608a-43cd-8bbd-1036eb0012cd,0,1.0,7.987022399902344e-06,0.044607166200876236,0.31784526258707047,FLAG_FOR_REVIEW
e7600e51-7c29-47af-952e-10047c401b5c,1,1.0,0.6775979101657867,0.9887748956680298,0.8987893313169479,BLOCK
79cc5314-c71c-408e-a34c-8e40c52f8d88,1,1.0,7.987022399902344e-06,0.9887748956680298,0.6955123543739319,BLOCK
1fd07030-3aec-4224-8a00-603d41796742,1,1.0,0.6775979101657867,0.9887748956680298,0.8987893313169479,BLOCK
52e9b8b2-0faf-41e8-90da-cab709a9eed2,1,1.0,5.9604644775390625e-06,0.9887748956680298,0.6955117464065552,BLOCK
e46d9bdf-4017-40c5-b9c7-d2b45484f69b,1,1.0,5.9604644775390625e-06,0.9887748956680298,0.6955117464065552,BLOCK
01cae695-1504-4e25-ae72-2ef68aa82f8b,1,1.0,0.6775979101657867,0.13922259211540222,0.5589684098958969,FLAG_FOR_REVIEW
d692bc86-2f1b-4b5b-9da7-0201aa0cd430,1,1.0,0.6775979101657867,0.9887748956680298,0.8987893313169479,BLOCK
5d7eff59-02bb-497e-be73-13e7ac0a3dc8,1,1.0,7.987022399902344e-06,0.9887748956680298,0.6955123543739319,BLOCK
5779f431-f55c-415c-9955-3fb1daa15f20,1,1.0,7.987022399902344e-06,0.1053803414106369,0.34215453267097473,FLAG_FOR_REVIEW
787efe92-8db6-442f-874b-24206b1359d7,1,1.0,0.6775979101657867,0.9887748956680298,0.8987893313169479,BLOCK
8bd10098-0024-46c3-9981-efb978f7542c,1,1.0,0.6775979101657867,0.9887748956680298,0.8987893313169479,BLOCK
073f34ea-a8af-4d50-a9de-4ca3cd67e194,1,1.0,5.9604644775390625e-06,0.9887748956680298,0.6955117464065552,BLOCK
ecda3db9-f44c-4d32-b98e-255bfb6a9873,1,1.0,5.9604644775390625e-06,0.9887748956680298,0.6955117464065552,BLOCK
10dbd852-a605-46f7-8e4b-c578d8b68544,1,1.0,0.6775979101657867,0.15519766509532928,0.5653584390878678,FLAG_FOR_REVIEW
75fc62c5-3c22-4ddc-b700-2c9b540c2ac5,1,1.0,5.9604644775390625e-06,0.9887748956680298,0.6955117464065552,BLOCK
14a6c9c5-81cd-4445-bcfb-274e96d41761,1,1.0,5.9604644775390625e-06,0.9887748956680298,0.6955117464065552,BLOCK
d0b2631a-665f-4ac7-a911-bd26cffedc59,1,1.0,5.9604644775390625e-06,0.9887748956680298,0.6955117464065552,BLOCK
19246d19-8de8-47b4-9218-caaf010a978a,1,1.0,0.6775979101657867,0.9887748956680298,0.8987893313169479,BLOCK
e92f0846-4cb0-4fc6-b6e5-f5c5956b4c8a,1,1.0,0.6775979101657867,0.9887748956680298,0.8987893313169479,BLOCK
c37e9a13-fec5-42d2-81d3-33de91248cca,1,1.0,0.6775979101657867,0.9887748956680298,0.8987893313169479,BLOCK
ce5f4ec7-d72a-4561-81f1-6175bb6627a4,1,1.0,0.6775979101657867,0.9887748956680298,0.8987893313169479,BLOCK
5c44b3bb-3417-490a-aebb-d4d8626c8fef,1,1.0,7.987022399902344e-06,0.9887748956680298,0.6955123543739319,BLOCK
dc55ff21-4c24-4f60-b406-9e793d297eba,1,1.0,0.6775979101657867,0.9887748956680298,0.8987893313169479,BLOCK
e275ea50-8928-49d8-988c-c8130f088269,1,1.0,1.2278556823730469e-05,0.9887748956680298,0.695513641834259,BLOCK
ff65475f-0740-4d97-97a8-294a836ed6e3,1,1.0,0.6775979101657867,0.9887748956680298,0.8987893313169479,BLOCK
050f35d8-15ba-4df7-ba8c-3c25a7da457c,1,1.0,0.6775979101657867,0.2500684857368469,0.6033067673444747,BLOCK
f78b4a2e-c520-485c-876a-6aa89e249689,1,1.0,7.987022399902344e-06,0.9887748956680298,0.6955123543739319,BLOCK
c9116321-a3fd-4e7a-93dd-7014ea9f33aa,1,1.0,5.9604644775390625e-06,0.16681328415870667,0.3667271018028259,FLAG_FOR_REVIEW
cba97301-171c-42d0-ab5c-0096f0fc8493,1,1.0,0.6775979101657867,0.9887748956680298,0.8987893313169479,BLOCK
8e5fe70a-f3f0-4f5f-9e77-06825e1977b4,1,1.0,5.9604644775390625e-06,0.9887748956680298,0.6955117464065552,BLOCK
f8440faa-980b-4d38-8178-f6e59c5333a3,1,1.0,5.9604644775390625e-06,0.9887748956680298,0.6955117464065552,BLOCK
482440fd-3db8-4898-bfeb-59153c4a874a,1,1.0,1.2278556823730469e-05,0.11501724272966385,0.34601058065891266,FLAG_FOR_REVIEW
19277e45-e1f1-44db-8ba1-01b915228134,1,1.0,5.9604644775390625e-06,0.9887748956680298,0.6955117464065552,BLOCK
a8f737cc-c0ab-4fc5-9dc3-e34534528a2b,1,1.0,1.2278556823730469e-05,0.9887748956680298,0.695513641834259,BLOCK
b4b4a76b-e142-4f6d-86df-36212375cff5,1,1.0,5.9604644775390625e-06,0.9887748956680298,0.6955117464065552,BLOCK
37101803-25db-4876-949a-19ca9a57d572,1,1.0,7.987022399902344e-06,0.16230641305446625,0.3649249613285065,FLAG_FOR_REVIEW
ef2055ac-a93a-46a1-8d0c-90759f8cf78c,1,1.0,0.6775979101657867,0.12360694259405136,0.5527221500873566,FLAG_FOR_REVIEW
c40a7a47-1511-4e8d-8cc2-de7a8a8a69a7,1,1.0,0.6775979101657867,0.9887748956680298,0.8987893313169479,BLOCK
d5ee2cd1-6b91-441b-a404-04ad7610680e,1,1.0,7.987022399902344e-06,0.9887748956680298,0.6955123543739319,BLOCK
844d7583-85e8-449b-8e5d-8ceef03dbf4c,1,1.0,0.6775979101657867,0.9887748956680298,0.8987893313169479,BLOCK
c0b9a610-57be-4d93-a5bd-02b28c81579d,1,1.0,0.6775979101657867,0.9887748956680298,0.8987893313169479,BLOCK
40aa239b-94a1-4f32-b4e3-0bd76493eb28,1,1.0,5.9604644775390625e-06,0.9887748956680298,0.6955117464065552,BLOCK
4ec8e784-a664-4a0b-b177-28ccc4fd06a3,1,1.0,5.9604644775390625e-06,0.9887748956680298,0.6955117464065552,BLOCK
53232dc6-1f28-4dda-b990-91479935f822,1,1.0,0.6775979101657867,0.9887748956680298,0.8987893313169479,BLOCK
a2752bb0-2851-4fb2-9b07-0cbfc036a16d,1,1.0,5.9604644775390625e-06,0.2500684857368469,0.40002918243408203,FLAG_FOR_REVIEW
2939b982-9cad-4399-a000-6423abd54be6,1,1.0,7.987022399902344e-06,0.07004407048225403,0.32802002429962157,FLAG_FOR_REVIEW
1e20dd36-2281-4e0a-95cb-37e1e590948b,1,1.0,0.6775979101657867,0.4888700842857361,0.6988274067640304,BLOCK
a705f388-420b-4625-87e9-49fc32d7d9b2,1,1.0,0.6775979101657867,0.9887748956680298,0.8987893313169479,BLOCK
c45e603e-3527-48de-85be-8b29add890bc,1,1.0,0.6775979101657867,0.9887748956680298,0.8987893313169479,BLOCK
4fa2427d-8b3a-42d5-9720-d84b99074e00,1,1.0,1.2278556823730469e-05,0.14240193367004395,0.3569644570350647,FLAG_FOR_REVIEW
669a2dad-686b-4d0b-a230-fe4f6817cd8d,1,1.0,7.987022399902344e-06,0.9887748956680298,0.6955123543739319,BLOCK
f6fb79d5-4887-4ab6-8852-e7a05e7be6dd,1,1.0,5.9604644775390625e-06,0.9887748956680298,0.6955117464065552,BLOCK
e2b4632c-a7f2-4052-96a8-3116987ac21b,1,1.0,0.6775979101657867,0.9887748956680298,0.8987893313169479,BLOCK
b8980a86-2da6-4370-822a-d59cb2b06ef9,1,1.0,5.9604644775390625e-06,0.9887748956680298,0.6955117464065552,BLOCK
deecbdbd-58d4-40e6-b900-e12d428ba944,1,1.0,1.2278556823730469e-05,0.9887748956680298,0.695513641834259,BLOCK
114b4e3f-c14a-41cb-9f5a-c7d9ac113999,1,1.0,5.9604644775390625e-06,0.9887748956680298,0.6955117464065552,BLOCK
8c52e67f-88fb-4900-9db0-3f097386dfc5,1,1.0,1.2278556823730469e-05,0.9887748956680298,0.695513641834259,BLOCK
4e788d0a-cebe-4438-abf5-8cfe13315f48,1,1.0,0.6775979101657867,0.9887748956680298,0.8987893313169479,BLOCK
f0e826b9-151a-4a48-b77c-2fa5c6e53ef4,1,1.0,5.9604644775390625e-06,0.9887748956680298,0.6955117464065552,BLOCK
ddf7f43b-d124-468a-b6f2-792693f1ac5a,1,1.0,0.6775979101657867,0.16118879616260529,0.5677548915147781,FLAG_FOR_REVIEW
58a43bfb-7fe6-46e2-8679-00cb87e08f78,1,1.0,5.9604644775390625e-06,0.9887748956680298,0.6955117464065552,BLOCK
b90090ca-8833-4572-bbde-24d9b28f2a50,1,1.0,0.6775979101657867,0.1465548276901245,0.5619013041257859,FLAG_FOR_REVIEW
7e65ff29-42b2-47c1-9a53-7da063cec893,1,1.0,0.6775979101657867,0.9887748956680298,0.8987893313169479,BLOCK
d09b69c6-f39d-487e-9b24-e6a9d9508254,1,1.0,5.9604644775390625e-06,0.43011462688446045,0.47204763889312745,FLAG_FOR_REVIEW
68529efb-0231-4d28-8ac4-df1f64d8b1e5,1,1.0,0.6775979101657867,0.9887748956680298,0.8987893313169479,BLOCK
52a88127-6f9d-436e-a7b8-145619984bdf,1,1.0,5.9604644775390625e-06,0.9887748956680298,0.6955117464065552,BLOCK
e4a2220c-ca59-4dfe-b1ae-50fd92f17121,1,1.0,0.6775979101657867,0.9887748956680298,0.8987893313169479,BLOCK
3bb7c478-7f09-47f4-8ee5-fa101a1db090,1,1.0,0.6775979101657867,0.9887748956680298,0.8987893313169479,BLOCK
7410d133-b6f5-4192-b613-9aad32b296f3,1,1.0,5.9604644775390625e-06,0.9887748956680298,0.6955117464065552,BLOCK
51635ca3-1f62-45a4-8f73-9602b23bbb4f,1,1.0,7.987022399902344e-06,0.9887748956680298,0.6955123543739319,BLOCK
f60d07a2-1717-4103-bf66-27dc27082b9d,1,1.0,0.6775979101657867,0.9887748956680298,0.8987893313169479,BLOCK
95f7ef3f-e1d2-44a3-b074-807d4087b4f8,1,1.0,0.6775979101657867,0.9887748956680298,0.8987893313169479,BLOCK
c782c218-0ff7-459f-a54c-07c9539c3bba,1,1.0,5.9604644775390625e-06,0.9887748956680298,0.6955117464065552,BLOCK
4da39fe1-7899-474c-910e-3629b44750eb,1,1.0,5.9604644775390625e-06,0.9887748956680298,0.6955117464065552,BLOCK
c7b97892-908e-4647-b8a0-882c60633ded,1,1.0,0.6775979101657867,0.9887748956680298,0.8987893313169479,BLOCK
b8bfdd89-71b2-498c-b242-c52bcbf1e2f2,1,1.0,5.9604644775390625e-06,0.9887748956680298,0.6955117464065552,BLOCK
ffacea44-2bd9-4169-8c64-7f7a15599f7a,1,1.0,5.9604644775390625e-06,0.9887748956680298,0.6955117464065552,BLOCK
f0ff7793-ffc7-42a9-a38b-4561b1a91c0a,1,1.0,0.6775979101657867,0.9887748956680298,0.8987893313169479,BLOCK
cbaee920-cd00-4aa8-87a8-256ba5d3660d,1,1.0,0.6775979101657867,0.11650513112545013,0.549881425499916,FLAG_FOR_REVIEW
19fda6bb-2a86-4a3a-9ac7-4c1a5bc7a13c,1,1.0,5.9604644775390625e-06,0.9887748956680298,0.6955117464065552,BLOCK
